{
  "current": {
    "logo": "shopify://shop_images/Image_with_text_-_Logo.png",
    "logo_width": 90,
    "type_header_font": "cormorant_n4",
    "heading_scale": 100,
    "type_body_font": "lato_n4",
    "body_scale": 100,
    "page_width": 1870,
    "spacing_sections": 0,
    "spacing_grid_horizontal": 30,
    "spacing_grid_vertical": 30,
    "animations_reveal_on_scroll": true,
    "animations_hover_elements": "3d-lift",
    "buttons_border_thickness": 1,
    "buttons_border_opacity": 100,
    "buttons_radius": 0,
    "buttons_shadow_opacity": 0,
    "buttons_shadow_horizontal_offset": 0,
    "buttons_shadow_vertical_offset": 4,
    "buttons_shadow_blur": 5,
    "show_countdown": true,
    "countdown_time": "Dec 31, 2026 18:00:00",
    "countdown_text_color": "#dc2626",
    "countdown_background_color": "#c8c8c8",
    "swatch_type": "metaobjects",
    "variant_swatch_size": 20,
    "variant_pills_border_thickness": 1,
    "variant_pills_border_opacity": 55,
    "variant_pills_radius": 40,
    "variant_pills_shadow_opacity": 0,
    "variant_pills_shadow_horizontal_offset": 0,
    "variant_pills_shadow_vertical_offset": 4,
    "variant_pills_shadow_blur": 5,
    "inputs_border_thickness": 1,
    "inputs_border_opacity": 55,
    "inputs_radius": 40,
    "inputs_shadow_opacity": 0,
    "inputs_shadow_horizontal_offset": 0,
    "inputs_shadow_vertical_offset": 4,
    "inputs_shadow_blur": 5,
    "card_style": "standard",
    "card_image_padding": 0,
    "card_text_alignment": "left",
    "enable_price_percent": true,
    "enable_wishlist": true,
    "enable_quick_view": true,
    "enable_compare": true,
    "quick_add_type": "icon",
    "card_color_scheme": "scheme-2",
    "show_product_marquee": true,
    "product_marquee_background_color": "#001E4A",
    "product_marquee_type": "text",
    "product_marquee_text": "thinh dep trai",
    "card_border_thickness": 0,
    "card_border_opacity": 10,
    "card_corner_radius": 0,
    "card_shadow_opacity": 0,
    "card_shadow_horizontal_offset": 0,
    "card_shadow_vertical_offset": 4,
    "card_shadow_blur": 5,
    "collection_card_style": "card",
    "collection_card_image_padding": 0,
    "collection_card_text_alignment": "left",
    "collection_card_color_scheme": "scheme-4",
    "collection_card_border_thickness": 0,
    "collection_card_border_opacity": 10,
    "collection_card_corner_radius": 0,
    "collection_card_shadow_opacity": 0,
    "collection_card_shadow_horizontal_offset": 0,
    "collection_card_shadow_vertical_offset": 4,
    "collection_card_shadow_blur": 5,
    "blog_card_style": "standard",
    "blog_card_image_padding": 0,
    "blog_card_text_alignment": "left",
    "blog_card_color_scheme": "scheme-2",
    "blog_card_border_thickness": 0,
    "blog_card_border_opacity": 10,
    "blog_card_corner_radius": 0,
    "blog_card_shadow_opacity": 0,
    "blog_card_shadow_horizontal_offset": 0,
    "blog_card_shadow_vertical_offset": 4,
    "blog_card_shadow_blur": 5,
    "badge_position": "top left",
    "badge_corner_radius": 40,
    "show_new_badge": true,
    "new_badge_type": "auto",
    "social_facebook_link": "https://facebook.com/shopify",
    "social_instagram_link": "http://instagram.com/shopify",
    "social_youtube_link": "https://www.youtube.com/shopify",
    "social_tiktok_link": "https://tiktok.com/@shopify",
    "social_twitter_link": "https://x.com/shopify",
    "social_snapchat_link": "https://www.snapchat.com/add/shopify",
    "social_pinterest_link": "https://pinterest.com/shopify",
    "social_tumblr_link": "https://shopify.tumblr.com",
    "social_vimeo_link": "https://vimeo.com/shopify",
    "predictive_search_enabled": true,
    "predictive_search_show_vendor": true,
    "predictive_search_show_price": true,
    "currency_code_enabled": true,
    "cart_type": "drawer",
    "show_vendor": true,
    "show_cart_note": true,
    "enable_preloading_screen": false,
    "enable_price_wishlist": true,
    "enable_price_compare": true,
    "sale_badge_color_scheme": "scheme-4",
    "sold_out_badge_color_scheme": "scheme-3",
    "show_custom_badge": true,
    "show_price_percent": true,
    "cart_drawer_collection": "accessories",
    "cart_color_scheme": "scheme-1",
    "text_boxes_border_thickness": 24,
    "text_boxes_border_opacity": 100,
    "text_boxes_radius": 40,
    "text_boxes_shadow_opacity": 100,
    "text_boxes_shadow_horizontal_offset": 40,
    "text_boxes_shadow_vertical_offset": 40,
    "text_boxes_shadow_blur": 40,
    "media_border_thickness": 24,
    "media_border_opacity": 90,
    "media_radius": 32,
    "media_shadow_opacity": 95,
    "media_shadow_horizontal_offset": 28,
    "media_shadow_vertical_offset": 26,
    "media_shadow_blur": 35,
    "drawer_border_thickness": 1,
    "drawer_border_opacity": 10,
    "drawer_shadow_opacity": 0,
    "drawer_shadow_horizontal_offset": 0,
    "drawer_shadow_vertical_offset": 4,
    "drawer_shadow_blur": 5,
    "popup_border_thickness": 1,
    "popup_border_opacity": 10,
    "popup_corner_radius": 0,
    "popup_shadow_opacity": 5,
    "popup_shadow_horizontal_offset": 0,
    "popup_shadow_vertical_offset": 4,
    "popup_shadow_blur": 5,
    "brand_headline": "",
    "brand_description": "<p></p>",
    "brand_image_width": 100,
    "sections": {
      "main-password-header": {
        "type": "main-password-header",
        "settings": { "color_scheme": "scheme-1" }
      },
      "main-password-footer": {
        "type": "main-password-footer",
        "settings": { "color_scheme": "scheme-1" }
      }
    },
    "content_for_index": [],
    "color_schemes": {
      "scheme-1": {
        "settings": {
          "background": "#ffffff",
          "background_gradient": "",
          "text": "#121212",
          "button": "#121212",
          "button_label": "#ffffff",
          "secondary_button_label": "#121212",
          "shadow": "#121212",
          "border": "#E6E6E6",
          "sale_badge_color": "#121212",
          "sale_badge_background": "#ffffff",
          "sold_out_badge_color": "#121212",
          "sold_out_badge_background": "#ffffff",
          "new_badge_color": "#121212",
          "new_badge_background": "#ffffff",
          "custom_badge_color": "#121212",
          "custom_badge_background": "#ffffff",
          "wishlist_icon": "#121212",
          "wishlist_background": "#ffffff",
          "quick_view_icon": "#121212",
          "quick_view_background": "#ffffff",
          "compare_icon": "#121212",
          "compare_background": "#ffffff"
        }
      },
      "scheme-2": {
        "settings": {
          "background": "#f3f3f3",
          "background_gradient": "",
          "text": "#121212",
          "button": "#121212",
          "button_label": "#f3f3f3",
          "secondary_button_label": "#121212",
          "shadow": "#121212",
          "border": "#E6E6E6",
          "sale_badge_color": "#121212",
          "sale_badge_background": "#ffffff",
          "sold_out_badge_color": "#121212",
          "sold_out_badge_background": "#ffffff",
          "new_badge_color": "#121212",
          "new_badge_background": "#ffffff",
          "custom_badge_color": "#121212",
          "custom_badge_background": "#ffffff",
          "wishlist_icon": "#121212",
          "wishlist_background": "#ffffff",
          "quick_view_icon": "#121212",
          "quick_view_background": "#ffffff",
          "compare_icon": "#121212",
          "compare_background": "#ffffff"
        }
      },
      "scheme-3": {
        "settings": {
          "background": "#242833",
          "background_gradient": "",
          "text": "#ffffff",
          "button": "#ffffff",
          "button_label": "#000000",
          "secondary_button_label": "#ffffff",
          "shadow": "#121212",
          "border": "#E6E6E6",
          "sale_badge_color": "#121212",
          "sale_badge_background": "#ffffff",
          "sold_out_badge_color": "#121212",
          "sold_out_badge_background": "#ffffff",
          "new_badge_color": "#121212",
          "new_badge_background": "#ffffff",
          "custom_badge_color": "#121212",
          "custom_badge_background": "#ffffff",
          "wishlist_icon": "#121212",
          "wishlist_background": "#ffffff",
          "quick_view_icon": "#121212",
          "quick_view_background": "#ffffff",
          "compare_icon": "#121212",
          "compare_background": "#ffffff"
        }
      },
      "scheme-4": {
        "settings": {
          "background": "rgba(0,0,0,0)",
          "background_gradient": "",
          "text": "#121212",
          "button": "#ffffff",
          "button_label": "#121212",
          "secondary_button_label": "#121212",
          "shadow": "#121212",
          "border": "#E6E6E6",
          "sale_badge_color": "#ffffff",
          "sale_badge_background": "#dc2626",
          "sold_out_badge_color": "#c8c8c8",
          "sold_out_badge_background": "#6d6d6d",
          "new_badge_color": "#262626",
          "new_badge_background": "#ffffff",
          "custom_badge_color": "#000000",
          "custom_badge_background": "#e3e3e3",
          "wishlist_icon": "#121212",
          "wishlist_background": "#ffffff",
          "quick_view_icon": "#121212",
          "quick_view_background": "#ffffff",
          "compare_icon": "#121212",
          "compare_background": "#ffffff"
        }
      },
      "scheme-5": {
        "settings": {
          "background": "#334fb4",
          "background_gradient": "",
          "text": "#ffffff",
          "button": "#ffffff",
          "button_label": "#334fb4",
          "secondary_button_label": "#ffffff",
          "shadow": "#121212",
          "border": "#E6E6E6",
          "sale_badge_color": "#121212",
          "sale_badge_background": "#ffffff",
          "sold_out_badge_color": "#121212",
          "sold_out_badge_background": "#ffffff",
          "new_badge_color": "#121212",
          "new_badge_background": "#ffffff",
          "custom_badge_color": "#121212",
          "custom_badge_background": "#ffffff",
          "wishlist_icon": "#121212",
          "wishlist_background": "#ffffff",
          "quick_view_icon": "#121212",
          "quick_view_background": "#ffffff",
          "compare_icon": "#121212",
          "compare_background": "#ffffff"
        }
      }
    }
  },
  "presets": {
    "Default": {
      "logo_width": 90,
      "color_schemes": {
        "scheme-1": {
          "settings": {
            "background": "#FFFFFF",
            "background_gradient": "",
            "text": "#121212",
            "button": "#121212",
            "button_label": "#FFFFFF",
            "secondary_button_label": "#121212",
            "shadow": "#121212"
          }
        },
        "scheme-2": {
          "settings": {
            "background": "#F3F3F3",
            "background_gradient": "",
            "text": "#121212",
            "button": "#121212",
            "button_label": "#F3F3F3",
            "secondary_button_label": "#121212",
            "shadow": "#121212"
          }
        },
        "scheme-3": {
          "settings": {
            "background": "#242833",
            "background_gradient": "",
            "text": "#FFFFFF",
            "button": "#FFFFFF",
            "button_label": "#000000",
            "secondary_button_label": "#FFFFFF",
            "shadow": "#121212"
          }
        },
        "scheme-4": {
          "settings": {
            "background": "#121212",
            "background_gradient": "",
            "text": "#FFFFFF",
            "button": "#FFFFFF",
            "button_label": "#121212",
            "secondary_button_label": "#FFFFFF",
            "shadow": "#121212"
          }
        },
        "scheme-5": {
          "settings": {
            "background": "#334FB4",
            "background_gradient": "",
            "text": "#FFFFFF",
            "button": "#FFFFFF",
            "button_label": "#334FB4",
            "secondary_button_label": "#FFFFFF",
            "shadow": "#121212"
          }
        }
      },
      "type_header_font": "assistant_n4",
      "heading_scale": 100,
      "type_body_font": "assistant_n4",
      "body_scale": 100,
      "page_width": 1200,
      "spacing_sections": 0,
      "spacing_grid_horizontal": 8,
      "spacing_grid_vertical": 8,
      "animations_reveal_on_scroll": true,
      "animations_hover_elements": "none",
      "buttons_border_thickness": 1,
      "buttons_border_opacity": 100,
      "buttons_radius": 0,
      "buttons_shadow_opacity": 0,
      "buttons_shadow_horizontal_offset": 0,
      "buttons_shadow_vertical_offset": 4,
      "buttons_shadow_blur": 5,
      "variant_pills_border_thickness": 1,
      "variant_pills_border_opacity": 55,
      "variant_pills_radius": 40,
      "variant_pills_shadow_opacity": 0,
      "variant_pills_shadow_horizontal_offset": 0,
      "variant_pills_shadow_vertical_offset": 4,
      "variant_pills_shadow_blur": 5,
      "inputs_border_thickness": 1,
      "inputs_border_opacity": 55,
      "inputs_radius": 0,
      "inputs_shadow_opacity": 0,
      "inputs_shadow_horizontal_offset": 0,
      "inputs_shadow_vertical_offset": 4,
      "inputs_shadow_blur": 5,
      "card_style": "standard",
      "card_image_padding": 0,
      "card_text_alignment": "left",
      "card_color_scheme": "scheme-2",
      "card_border_thickness": 0,
      "card_border_opacity": 10,
      "card_corner_radius": 0,
      "card_shadow_opacity": 0,
      "card_shadow_horizontal_offset": 0,
      "card_shadow_vertical_offset": 4,
      "card_shadow_blur": 5,
      "collection_card_style": "standard",
      "collection_card_image_padding": 0,
      "collection_card_text_alignment": "left",
      "collection_card_color_scheme": "scheme-2",
      "collection_card_border_thickness": 0,
      "collection_card_border_opacity": 10,
      "collection_card_corner_radius": 0,
      "collection_card_shadow_opacity": 0,
      "collection_card_shadow_horizontal_offset": 0,
      "collection_card_shadow_vertical_offset": 4,
      "collection_card_shadow_blur": 5,
      "blog_card_style": "standard",
      "blog_card_image_padding": 0,
      "blog_card_text_alignment": "left",
      "blog_card_color_scheme": "scheme-2",
      "blog_card_border_thickness": 0,
      "blog_card_border_opacity": 10,
      "blog_card_corner_radius": 0,
      "blog_card_shadow_opacity": 0,
      "blog_card_shadow_horizontal_offset": 0,
      "blog_card_shadow_vertical_offset": 4,
      "blog_card_shadow_blur": 5,
      "text_boxes_border_thickness": 0,
      "text_boxes_border_opacity": 10,
      "text_boxes_radius": 0,
      "text_boxes_shadow_opacity": 0,
      "text_boxes_shadow_horizontal_offset": 0,
      "text_boxes_shadow_vertical_offset": 4,
      "text_boxes_shadow_blur": 5,
      "media_border_thickness": 1,
      "media_border_opacity": 5,
      "media_radius": 0,
      "media_shadow_opacity": 0,
      "media_shadow_horizontal_offset": 0,
      "media_shadow_vertical_offset": 4,
      "media_shadow_blur": 5,
      "popup_border_thickness": 1,
      "popup_border_opacity": 10,
      "popup_corner_radius": 0,
      "popup_shadow_opacity": 5,
      "popup_shadow_horizontal_offset": 0,
      "popup_shadow_vertical_offset": 4,
      "popup_shadow_blur": 5,
      "drawer_border_thickness": 1,
      "drawer_border_opacity": 10,
      "drawer_shadow_opacity": 0,
      "drawer_shadow_horizontal_offset": 0,
      "drawer_shadow_vertical_offset": 4,
      "drawer_shadow_blur": 5,
      "badge_position": "bottom left",
      "badge_corner_radius": 40,
      "sale_badge_color_scheme": "scheme-4",
      "sold_out_badge_color_scheme": "scheme-3",
      "brand_headline": "",
      "brand_description": "<p></p>",
      "brand_image_width": 100,
      "social_twitter_link": "",
      "social_facebook_link": "",
      "social_pinterest_link": "",
      "social_instagram_link": "",
      "social_tiktok_link": "",
      "social_tumblr_link": "",
      "social_snapchat_link": "",
      "social_youtube_link": "",
      "social_vimeo_link": "",
      "predictive_search_enabled": true,
      "predictive_search_show_vendor": false,
      "predictive_search_show_price": false,
      "currency_code_enabled": true,
      "cart_type": "notification",
      "show_vendor": false,
      "show_cart_note": false,
      "cart_drawer_collection": "",
      "cart_color_scheme": "scheme-1",
      "sections": {
        "main-password-header": {
          "type": "main-password-header",
          "settings": { "color_scheme": "scheme-1" }
        },
        "main-password-footer": {
          "type": "main-password-footer",
          "settings": { "color_scheme": "scheme-1" }
        }
      }
    }
  }
}
