{"sections":{"main":{"type":"main-article","blocks":{"post_details_9qxqLH":{"type":"post_details","settings":{"show_featured_image":true,"image_height":"medium","blog_show_title":true,"blog_show_date":true,"blog_show_author":true,"image_overlay_opacity":40,"color_scheme":"scheme-4"}},"share":{"type":"share","settings":{"share_label":"Share"}},"content":{"type":"content","settings":{}}},"block_order":["post_details_9qxqLH","share","content"],"settings":{"padding_top":0,"padding_bottom":36}},"featured_blog_fqPAXE":{"type":"featured-blog","settings":{"heading":"Blog posts","heading_size":"h1","blog":"","post_limit":3,"columns_desktop":3,"show_image":true,"show_date":true,"show_author":false,"show_view_all":true,"color_scheme":"","padding_top":36,"padding_bottom":36}}},"order":["main","featured_blog_fqPAXE"]}