{"sections":{"banner":{"type":"main-collection-banner","settings":{"show_collection_description":true,"color_scheme":"scheme-1","show_collection_image":true,"image_overlay_opacity":40,"color_scheme_image":"scheme-4"}},"product-grid":{"type":"main-collection-product-grid","settings":{"products_per_page":16,"columns_desktop":4,"color_scheme":"scheme-1","image_ratio":"adapt","image_shape":"default","show_secondary_image":true,"show_vendor":true,"show_rating":false,"quick_add":"bulk","enable_filtering":true,"filter_type":"vertical","enable_sorting":true,"enable_products_per_page":true,"enable_grid_view":true,"columns_mobile":"2","padding_top":36,"padding_bottom":36}}},"order":["banner","product-grid"]}