{"sections":{"slideshow_GTfWVa":{"type":"slideshow","blocks":{"slide_qg6wrL":{"type":"slide","settings":{"image":"shopify:\/\/shop_images\/Slideshow_-_Home_10_2.jpg","heading":"Image slide","heading_size":"h1","subheading":"Tell your brand's story through images","button_label":"Button label","link":"","button_style_secondary":false,"box_align":"middle-center","show_text_box":true,"text_alignment":"center","image_overlay_opacity":10,"color_scheme":"scheme-4","text_alignment_mobile":"center"}},"slide_edeXKY":{"type":"slide","settings":{"image":"shopify:\/\/shop_images\/Home_08_-_Slideshow_-_1.jpg","heading":"Image slide","heading_size":"h1","subheading":"Tell your brand's story through images","button_label":"Button label","link":"","button_style_secondary":false,"box_align":"middle-center","show_text_box":true,"text_alignment":"center","image_overlay_opacity":10,"color_scheme":"scheme-4","text_alignment_mobile":"center"}}},"block_order":["slide_qg6wrL","slide_edeXKY"],"settings":{"layout":"full_bleed","slide_height":"large","slider_visual":"counter","auto_rotate":false,"change_slides_speed":5,"image_behavior":"none","show_text_below":true,"accessibility_info":"Slideshow about our brand"}},"image_banner_GhYEiH":{"type":"image-banner","blocks":{"heading_Tw9fJE":{"type":"heading","settings":{"heading":"Image banner","heading_size":"h1"}},"text_EQiE7F":{"type":"text","settings":{"text":"Give customers details about the banner image(s) or content on the template.","text_style":"body"}},"buttons_4EBrBW":{"type":"buttons","settings":{"button_label_1":"Button label","button_link_1":"","button_style_secondary_1":false,"button_label_2":"Button label","button_link_2":"","button_style_secondary_2":false}}},"block_order":["heading_Tw9fJE","text_EQiE7F","buttons_4EBrBW"],"disabled":true,"settings":{"image":"shopify:\/\/shop_images\/Slideshow_-_Home_10_2.jpg","image_overlay_opacity":0,"image_height":"medium","desktop_content_position":"middle-center","show_text_box":true,"desktop_content_alignment":"center","color_scheme":"","image_behavior":"none","mobile_content_alignment":"center","stack_images_on_mobile":true,"show_text_below":true,"padding_top":36,"padding_bottom":36}},"featured_collection_KKUEk3":{"type":"featured-collection","settings":{"title":"Featured collection","heading_size":"h1","description":"","show_description":false,"description_style":"body","collection":"all","products_to_show":8,"columns_desktop":4,"full_width":false,"show_view_all":true,"view_all_style":"solid","enable_desktop_slider":false,"color_scheme":"","image_ratio":"adapt","image_shape":"default","show_secondary_image":true,"show_vendor":true,"show_rating":true,"quick_add":"bulk","columns_mobile":"2","swipe_on_mobile":false,"padding_top":36,"padding_bottom":36}},"featured_collection_drfzyU":{"type":"featured-collection","settings":{"title":"Featured collection","heading_size":"h1","description":"","show_description":false,"description_style":"body","collection":"all","products_to_show":12,"columns_desktop":4,"full_width":false,"show_view_all":true,"view_all_style":"solid","enable_desktop_slider":false,"color_scheme":"","image_ratio":"adapt","image_shape":"default","show_secondary_image":true,"show_vendor":true,"show_rating":true,"quick_add":"standard","columns_mobile":"2","swipe_on_mobile":false,"padding_top":36,"padding_bottom":36}},"featured_product_wJrdzY":{"type":"featured-product","blocks":{"text_n3m4hr":{"type":"text","settings":{"text":"{{ section.settings.product.vendor }}","text_style":"uppercase"}},"title_GKpWgK":{"type":"title","settings":{"heading_size":"h1"}},"price_CAwMdK":{"type":"price","settings":{}},"variant_picker_WaBd6z":{"type":"variant_picker","settings":{"picker_type":"button","swatch_shape":"circle"}},"quantity_selector_tjCmU8":{"type":"quantity_selector","settings":{}},"buy_buttons_H9YFdc":{"type":"buy_buttons","settings":{"show_dynamic_checkout":false,"show_gift_card_recipient":true}},"share_LJGWgL":{"type":"share","settings":{"share_label":"Share"}}},"block_order":["text_n3m4hr","title_GKpWgK","price_CAwMdK","variant_picker_WaBd6z","quantity_selector_tjCmU8","buy_buttons_H9YFdc","share_LJGWgL"],"settings":{"product":"116-wide-symmetrical-modular-sofa-chaise","color_scheme":"","secondary_background":false,"media_size":"medium","constrain_to_viewport":true,"media_fit":"contain","media_position":"left","image_zoom":"lightbox","hide_variants":false,"enable_video_looping":false,"padding_top":36,"padding_bottom":36}},"collection_list_hqejy8":{"type":"collection-list","blocks":{"featured_collection_PFBzpT":{"type":"featured_collection","settings":{"collection":"accessories"}},"featured_collection_3YHUyb":{"type":"featured_collection","settings":{"collection":"all"}},"featured_collection_R9mznJ":{"type":"featured_collection","settings":{"collection":"collection-1"}},"featured_collection_UBVnxy":{"type":"featured_collection","settings":{"collection":"beautiful-in-white"}},"featured_collection_jB9jbz":{"type":"featured_collection","settings":{"collection":"collection-04"}}},"block_order":["featured_collection_PFBzpT","featured_collection_3YHUyb","featured_collection_R9mznJ","featured_collection_UBVnxy","featured_collection_jB9jbz"],"settings":{"title":"Collections","heading_size":"h1","image_ratio":"square","columns_desktop":5,"show_view_all":false,"color_scheme":"","swipe_on_mobile":false,"padding_top":36,"padding_bottom":36}},"rich_text_D7EaMf":{"type":"rich-text","blocks":{"heading_nM3Bz8":{"type":"heading","settings":{"heading":"Talk about your brand","heading_size":"h1"}},"text_6WGzNJ":{"type":"text","settings":{"text":"<p>Share information about your brand with your customers. Describe a product, make announcements, or welcome customers to your store.<\/p>"}},"button_fzhXJG":{"type":"button","settings":{"button_label":"Button label","button_link":"shopify:\/\/collections\/accessories","button_style_secondary":true,"button_label_2":"Button second","button_link_2":"shopify:\/\/pages\/about-the-product-sercum","button_style_secondary_2":false}}},"block_order":["heading_nM3Bz8","text_6WGzNJ","button_fzhXJG"],"settings":{"full_width":true,"desktop_content_position":"center","content_alignment":"center","color_scheme":"","padding_top":40,"padding_bottom":52}},"image_with_text_9UXQiW":{"type":"image-with-text","blocks":{"heading_UqJJbj":{"type":"heading","settings":{"heading":"Image with text","heading_size":"h1"}},"text_gnqHfW":{"type":"text","settings":{"text":"<p>Pair text with an image to focus on your chosen product, collection, or blog post. Add details on availability, style, or even provide a review.<\/p>","text_style":"body"}},"button_4wRXKB":{"type":"button","settings":{"button_label":"Button label","button_link":"","button_style_secondary":false}}},"block_order":["heading_UqJJbj","text_gnqHfW","button_4wRXKB"],"settings":{"image":"shopify:\/\/shop_images\/Instagram_-_Home_10_3.jpg","height":"adapt","desktop_image_width":"medium","layout":"image_first","desktop_content_position":"top","desktop_content_alignment":"left","content_layout":"no-overlap","section_color_scheme":"","color_scheme":"","image_behavior":"ambient","mobile_content_alignment":"left","padding_top":36,"padding_bottom":36}},"image_banner_eDefRD":{"type":"image-banner","blocks":{"heading_He9GMQ":{"type":"heading","settings":{"heading":"Image banner","heading_size":"h1"}},"text_EMJmHX":{"type":"text","settings":{"text":"Give customers details about the banner image(s) or content on the template.","text_style":"body"}},"buttons_DwJ8Hg":{"type":"buttons","settings":{"button_label_1":"Button label","button_link_1":"","button_style_secondary_1":false,"button_label_2":"Button label","button_link_2":"","button_style_secondary_2":false}}},"block_order":["heading_He9GMQ","text_EMJmHX","buttons_DwJ8Hg"],"settings":{"image":"shopify:\/\/shop_images\/Testimonials_-_Home_10_2_block_1.jpg","image_2":"shopify:\/\/shop_images\/Instagram_-_Home_10_3.jpg","image_overlay_opacity":0,"image_height":"medium","desktop_content_position":"middle-center","show_text_box":true,"desktop_content_alignment":"center","color_scheme":"","image_behavior":"none","mobile_content_alignment":"center","stack_images_on_mobile":true,"show_text_below":true,"padding_top":36,"padding_bottom":36}},"collage_V8gdaT":{"type":"collage","blocks":{"image_Tkt4zK":{"type":"image","settings":{"image":"shopify:\/\/shop_images\/Instagram_-_Home_10_1.jpg"}},"product_NN6iei":{"type":"product","settings":{"product":"occaecat-cupidatat-non-proident-sunt-in-culpa-6","second_image":true}},"video_LenR9w":{"type":"video","settings":{"cover_image":"shopify:\/\/shop_images\/collection-w-product-image-1_494205dd-54eb-48f1-8ce7-2b8e9eff6d80.jpg","video_url":"https:\/\/www.youtube.com\/watch?v=_9VUPq3SxOc","description":"Describe the video"}}},"block_order":["image_Tkt4zK","product_NN6iei","video_LenR9w"],"settings":{"heading":"Multimedia collage","heading_size":"h1","desktop_layout":"left","mobile_layout":"column","card_styles":"none","color_scheme":"","padding_top":36,"padding_bottom":36}},"multicolumn_jqrBQF":{"type":"multicolumn","blocks":{"column_MDY7Jc":{"type":"column","settings":{"image":"shopify:\/\/shop_images\/Petcaress--Home-Page-Desktop-Insta-3.jpg","title":"Column","text":"<p>Pair text with an image to focus on your chosen product, collection, or blog post. Add details on availability, style, or even provide a review.<\/p>","link_label":"","link":""}},"column_LmWwUg":{"type":"column","settings":{"title":"Column","text":"<p>Pair text with an image to focus on your chosen product, collection, or blog post. Add details on availability, style, or even provide a review.<\/p>","link_label":"","link":""}},"column_Py4iAF":{"type":"column","settings":{"image":"shopify:\/\/shop_images\/Petcaress--Home-Page-Desktop-Insta-3.jpg","title":"Column","text":"<p>Pair text with an image to focus on your chosen product, collection, or blog post. Add details on availability, style, or even provide a review.<\/p>","link_label":"","link":""}}},"block_order":["column_MDY7Jc","column_LmWwUg","column_Py4iAF"],"settings":{"title":"Multicolumn","heading_size":"h1","image_width":"full","image_ratio":"square","columns_desktop":3,"column_alignment":"left","button_label":"Button label","button_link":"","color_scheme":"","columns_mobile":"1","swipe_on_mobile":false,"padding_top":36,"padding_bottom":36}},"multirow_WfAPkq":{"type":"multirow","blocks":{"row_N4XJrr":{"type":"row","settings":{"image":"shopify:\/\/shop_images\/Slideshow_-_Home_10_2_mobile.jpg","caption":"Caption","heading":"Row","text":"<p>Pair text with an image to focus on your chosen product, collection, or blog post. Add details on availability, style, or even provide a review.<\/p>","button_label":"Button label","button_link":""}},"row_KWraYh":{"type":"row","settings":{"image":"shopify:\/\/shop_images\/image_41.jpg","caption":"Caption","heading":"Row","text":"<p>Pair text with an image to focus on your chosen product, collection, or blog post. Add details on availability, style, or even provide a review.<\/p>","button_label":"Button label","button_link":""}},"row_Mk7dip":{"type":"row","settings":{"image":"shopify:\/\/shop_images\/image_42.jpg","caption":"Caption","heading":"Row","text":"<p>Pair text with an image to focus on your chosen product, collection, or blog post. Add details on availability, style, or even provide a review.<\/p>","button_label":"Button label","button_link":""}}},"block_order":["row_N4XJrr","row_KWraYh","row_Mk7dip"],"settings":{"image_height":"medium","desktop_image_width":"medium","heading_size":"h1","text_style":"body","button_style":"secondary","desktop_content_position":"middle","desktop_content_alignment":"left","image_layout":"alternate-left","section_color_scheme":"","row_color_scheme":"","mobile_content_alignment":"left","padding_top":36,"padding_bottom":36}},"collapsible_content_3Qk9MV":{"type":"collapsible-content","blocks":{"collapsible_row_tDwQiJ":{"type":"collapsible_row","settings":{"heading":"Collapsible row","icon":"check_mark","row_content":"<p>fewafawfwaefawefawefweafwefwaefawefweafwefewfwae<\/p>","page":"about-the-product"}},"collapsible_row_G8Ajzc":{"type":"collapsible_row","settings":{"heading":"Collapsible row","icon":"check_mark","row_content":"<p>afwfwefawef wea fvwea fweafwafweafewafwfawfwaafwfwefawef wea fvwea fweafwafweafewafwfawfwaafwfwefawef wea fvwea fweafwafweafewafwfawfwaafwfwefawef wea fvwea fweafwafweafewafwfawfwaafwfwefawef wea fvwea fweafwafweafewafwfawfwaafwfwefawef wea fvwea fweafwafweafewafwfawfwaafwfwefawef wea fvwea fweafwafweafewafwfawfwaafwfwefawef wea fvwea fweafwafweafewafwfawfwaafwfwefawef wea fvwea fweafwafweafewafwfawfwaafwfwefawef wea fvwea fweafwafweafewafwfawfwa<\/p>","page":""}},"collapsible_row_V6a3Ht":{"type":"collapsible_row","settings":{"heading":"Collapsible row","icon":"check_mark","row_content":"<p>afwfwefawef wea fvwea fweafwafweafewafwfawfwaafwfwefawef wea fvwea fweafwafweafewafwfawfwaafwfwefawef wea fvwea fweafwafweafewafwfawfwaafwfwefawef wea fvwea fweafwafweafewafwfawfwaafwfwefawef wea fvwea fweafwafweafewafwfawfwaafwfwefawef wea fvwea fweafwafweafewafwfawfwaafwfwefawef wea fvwea fweafwafweafewafwfawfwaafwfwefawef wea fvwea fweafwafweafewafwfawfwa<\/p>","page":""}},"collapsible_row_C4Aw6m":{"type":"collapsible_row","settings":{"heading":"Collapsible row","icon":"check_mark","row_content":"","page":""}}},"block_order":["collapsible_row_tDwQiJ","collapsible_row_G8Ajzc","collapsible_row_V6a3Ht","collapsible_row_C4Aw6m"],"settings":{"caption":"","heading":"Collapsible content","heading_size":"h1","heading_alignment":"center","layout":"row","color_scheme":"","container_color_scheme":"","open_first_collapsible_row":false,"image_ratio":"adapt","desktop_layout":"image_second","padding_top":36,"padding_bottom":36}},"newsletter_xPga6a":{"type":"newsletter","blocks":{"heading_XTWrWj":{"type":"heading","settings":{"heading":"Subscribe to our emails","heading_size":"h1"}},"paragraph_A3Rtpn":{"type":"paragraph","settings":{"text":"<p>Be the first to know about new collections and exclusive offers.<\/p>"}},"email_form_RUN846":{"type":"email_form","settings":{}}},"block_order":["heading_XTWrWj","paragraph_A3Rtpn","email_form_RUN846"],"settings":{"full_width":true,"color_scheme":"","padding_top":40,"padding_bottom":52}},"contact_form_kYidqc":{"type":"contact-form","settings":{"heading":"Contact form","heading_size":"h1","color_scheme":"","padding_top":36,"padding_bottom":36}},"video_QqY8KW":{"type":"video","settings":{"full_width":false,"heading":"Video","heading_size":"h1","enable_video_looping":false,"video_url":"https:\/\/www.youtube.com\/watch?v=_9VUPq3SxOc","cover_image":"shopify:\/\/shop_images\/newsletter-popup-h6.jpg","description":"","color_scheme":"","padding_top":36,"padding_bottom":36}},"featured_blog_7rWGkC":{"type":"featured-blog","settings":{"heading":"Blog posts","heading_size":"h1","blog":"news","post_limit":3,"columns_desktop":3,"show_image":true,"show_date":true,"show_author":false,"show_view_all":true,"color_scheme":"","padding_top":36,"padding_bottom":36}},"custom_liquid_fN4iWD":{"type":"custom-liquid","settings":{"custom_liquid":"","color_scheme":"","padding_top":40,"padding_bottom":52}},"page_778DGq":{"type":"page","settings":{"page":"ingredients","heading_size":"h1","color_scheme":"","padding_top":36,"padding_bottom":36}},"recently_viewed_products_3F36m3":{"type":"recently-viewed-products","disabled":true,"settings":{"title":"Recently viewed","heading_size":"h1","products_to_show":25,"columns_desktop":4,"full_width":false,"enable_desktop_slider":false,"color_scheme":"","image_ratio":"portrait","image_shape":"default","show_secondary_image":true,"show_vendor":true,"show_rating":true,"quick_add":"bulk","columns_mobile":"2","swipe_on_mobile":false,"padding_top":36,"padding_bottom":36}}},"order":["slideshow_GTfWVa","image_banner_GhYEiH","featured_collection_KKUEk3","featured_collection_drfzyU","featured_product_wJrdzY","collection_list_hqejy8","rich_text_D7EaMf","image_with_text_9UXQiW","image_banner_eDefRD","collage_V8gdaT","multicolumn_jqrBQF","multirow_WfAPkq","collapsible_content_3Qk9MV","newsletter_xPga6a","contact_form_kYidqc","video_QqY8KW","featured_blog_7rWGkC","custom_liquid_fN4iWD","page_778DGq","recently_viewed_products_3F36m3"]}