{"sections":{"slideshow_GTfWVa":{"type":"slideshow","blocks":{"slide_xk6M9w":{"type":"_slide","name":"Slide","settings":{},"blocks":{}}},"block_order":["slide_xk6M9w"],"settings":{"slide_height":"large","autoplay":false,"autoplay_speed":5}},"image_banner_GhYEiH":{"type":"image-banner","blocks":{"heading_Tw9fJE":{"type":"heading","settings":{"heading":"Image banner","heading_size":"h1"}},"text_EQiE7F":{"type":"text","settings":{"text":"Give customers details about the banner image(s) or content on the template.","text_style":"body"}},"buttons_4EBrBW":{"type":"buttons","settings":{"button_label_1":"Button label","button_link_1":"","button_style_secondary_1":false,"button_label_2":"Button label","button_link_2":"","button_style_secondary_2":false}}},"block_order":["heading_Tw9fJE","text_EQiE7F","buttons_4EBrBW"],"disabled":true,"settings":{"image_overlay_opacity":0,"image_height":"medium","desktop_content_position":"middle-center","show_text_box":true,"desktop_content_alignment":"center","color_scheme":"","image_behavior":"none","mobile_content_alignment":"center","stack_images_on_mobile":true,"show_text_below":true,"padding_top":36,"padding_bottom":36}},"featured_collection_KKUEk3":{"type":"featured-collection","blocks":{"section-header":{"type":"_section-header","static":true,"settings":{"width_option":"custom","custom_width":80,"padding_top":0,"padding_right":0,"padding_bottom":0,"padding_left":0,"direction":"row","wrap":"wrap","align_items":"stretch","justify_content":"start","gap_x":10,"gap_y":10,"color_scheme":"","alignment":"left","alignment_mb":"left","border_left":false,"border_right":false,"border_top":false,"border_bottom":false},"blocks":{}},"product-slide-item":{"type":"card-product-flex","static":true,"settings":{"product":"","color_scheme":""},"blocks":{}}},"disabled":true,"settings":{"collection":"khinh-collection","layout_type":"grid","products_to_show":8,"columns_desktop":4,"columns_gap":8,"rows_gap":8,"full_width":false,"show_view_all":true,"view_all_style":"solid","enable_desktop_slider":false,"color_scheme":"","columns_mobile":"2","swipe_on_mobile":false,"padding_top":36,"padding_bottom":36}},"flex_section_9CGVkw":{"type":"flex-section","blocks":{"group_global_Ep43UD":{"type":"group-global","name":"Group: Global","settings":{"width_option":"custom","custom_width":80,"padding_top":0,"padding_right":0,"padding_bottom":0,"padding_left":0,"direction":"row","wrap":"wrap","align_items":"stretch","justify_content":"start","gap_x":10,"gap_y":10,"color_scheme":"","alignment":"left","alignment_mb":"left","border_left":false,"border_right":false,"border_top":false,"border_bottom":false},"blocks":{"text_UgiHtD":{"type":"text","name":"Text","settings":{"text":"<p>Welcome to our store<\/p>","text_size":"default"},"blocks":{}},"button_ahKpcC":{"type":"button","name":"Button","settings":{"text":"Button label","link":""},"blocks":{}}},"block_order":["text_UgiHtD","button_ahKpcC"]},"text_UJjhFM":{"type":"text","name":"Text","settings":{"text":"<p>Welcome to our store<\/p>","text_size":"default"},"blocks":{}},"product_grid_REh4CW":{"type":"product-grid","name":"Product grid","settings":{"collection":"khinh-collection","products_to_show":11,"columns_desktop":4},"blocks":{"product-slide-item":{"type":"card-product-flex","static":true,"settings":{"product":"{{ closest.product }}","color_scheme":"scheme-4"},"blocks":{"card_product_media_flex_k4jLi3":{"type":"card-product-media-flex","settings":{"product":"{{ closest.product }}","image_ratio":"adapt","show_secondary_image":true,"enable_quick_add":true},"blocks":{"card_product_group_content_4BVmrz":{"type":"card-product-group-content","name":"Group: Product content","disabled":true,"settings":{"product":"{{ closest.product }}","padding_top":10,"padding_right":10,"padding_bottom":10,"padding_left":10},"blocks":{"card_product_vendor_flex_AGVe7c":{"type":"card-product-vendor-flex","name":"Product vendor","settings":{"product":"{{ closest.product }}"},"blocks":{}},"spacer_Kt9WTD":{"type":"spacer","name":"Spacer","settings":{"spacer_height":20},"blocks":{}},"card_product_title_flex_MCfPNg":{"type":"card-product-title-flex","name":"Product title","settings":{"product":"{{ closest.product }}"},"blocks":{}},"spacer_xiqQFV":{"type":"spacer","name":"Spacer","settings":{"spacer_height":20},"blocks":{}},"card_product_price_flex_ptphrp":{"type":"card-product-price-flex","name":"Product price","settings":{"product":"{{ closest.product }}"},"blocks":{}}},"block_order":["card_product_vendor_flex_AGVe7c","spacer_Kt9WTD","card_product_title_flex_MCfPNg","spacer_xiqQFV","card_product_price_flex_ptphrp"]},"card_product_group_button_eapkHm":{"type":"card-product-group-button","name":"Product group button","settings":{"product":"{{ closest.product }}"},"blocks":{"card_product_button_flex_YwnDYy":{"type":"card-product-button-flex","name":"Product button","disabled":true,"settings":{"product":"{{ closest.product }}","quick_add":"standard"},"blocks":{}}},"block_order":["card_product_button_flex_YwnDYy"]},"card_product_bottom_haUqky":{"type":"card-product-bottom","name":"Product group bottom","disabled":true,"settings":{"product":"{{ closest.product }}"},"blocks":{"card_product_countdown_flex_Qbf8Mc":{"type":"card-product-countdown-flex","settings":{"product":"{{ closest.product }}"},"blocks":{}},"spacer_TPyNtJ":{"type":"spacer","settings":{"spacer_height":20},"blocks":{}},"card_product_marquee_flex_nbpj7F":{"type":"card-product-marquee-flex","settings":{"product":"{{ closest.product }}"},"blocks":{}}},"block_order":["card_product_countdown_flex_Qbf8Mc","spacer_TPyNtJ","card_product_marquee_flex_nbpj7F"]}},"block_order":["card_product_group_content_4BVmrz","card_product_group_button_eapkHm","card_product_bottom_haUqky"]},"card_product_vendor_flex_gGR9a4":{"type":"card-product-vendor-flex","name":"Product vendor","settings":{"product":"{{ closest.product }}"},"blocks":{}},"card_product_title_flex_6zXgQf":{"type":"card-product-title-flex","name":"Product title","settings":{"product":"{{ closest.product }}"},"blocks":{}},"card_product_price_flex_g4RWJ9":{"type":"card-product-price-flex","name":"Product price","settings":{"product":"{{ closest.product }}"},"blocks":{}},"card_product_button_flex_Aa4Kkt":{"type":"card-product-button-flex","name":"Product button","settings":{"product":"{{ closest.product }}","quick_add":"standard"},"blocks":{}},"card_product_countdown_flex_TxgBD3":{"type":"card-product-countdown-flex","name":"Product countdown","settings":{"product":"{{ closest.product }}"},"blocks":{}},"spacer_QcayBd":{"type":"spacer","name":"Spacer","settings":{"spacer_height":20},"blocks":{}},"card_product_marquee_flex_QwMAAU":{"type":"card-product-marquee-flex","name":"Product marquee","settings":{"product":"{{ closest.product }}"},"blocks":{}},"spacer_tg9zXe":{"type":"spacer","settings":{"spacer_height":6},"blocks":{}},"card_product_variant_flex_hp4Nrr":{"type":"card-product-variant-flex","settings":{"product":"{{ closest.product }}"},"blocks":{}}},"block_order":["card_product_media_flex_k4jLi3","card_product_vendor_flex_gGR9a4","card_product_title_flex_6zXgQf","card_product_price_flex_g4RWJ9","card_product_button_flex_Aa4Kkt","card_product_countdown_flex_TxgBD3","spacer_QcayBd","card_product_marquee_flex_QwMAAU","spacer_tg9zXe","card_product_variant_flex_hp4Nrr"]}},"block_order":[]}},"block_order":["group_global_Ep43UD","text_UJjhFM","product_grid_REh4CW"],"disabled":true,"name":"Flex Section","settings":{"padding_top":10,"padding_right":10,"padding_bottom":10,"padding_left":10,"direction":"row","wrap":"no-wrap","align_items":"start","justify_content":"start","gap_x":10,"gap_y":10,"color_scheme":""}},"featured_collection_DEfXFx":{"type":"featured-collection","blocks":{"section-header":{"type":"_section-header","static":true,"settings":{"width_option":"full","custom_width":80,"padding_top":0,"padding_right":0,"padding_bottom":16,"padding_left":0,"direction":"row","wrap":"wrap","align_items":"stretch","justify_content":"start","gap_x":10,"gap_y":10,"color_scheme":"","alignment":"center","alignment_mb":"center","border_left":false,"border_right":false,"border_top":false,"border_bottom":false},"blocks":{"collection_title_A4FAnR":{"type":"_collection_title","settings":{"text":"<h2>{{ closest.collection.title }}<\/h2>","heading_size":"h1","width_option":"fit","alignment":"left","padding_top":0,"padding_right":0,"padding_bottom":0,"padding_left":0},"blocks":{}},"button_6VVKwN":{"type":"button","name":"Button","settings":{"text":"Button label","link":""},"blocks":{}}},"block_order":["collection_title_A4FAnR","button_6VVKwN"]},"product-slide-item":{"type":"card-product-flex","name":"Product card","static":true,"settings":{"product":"{{ closest.product }}","color_scheme":""},"blocks":{"card_product_media_flex_FTwyB9":{"type":"card-product-media-flex","name":"Group: Product media","settings":{"product":"{{ closest.product }}","image_ratio":"adapt","show_secondary_image":true,"enable_quick_add":true},"blocks":{}},"spacer_zzxpNy":{"type":"spacer","settings":{"spacer_height":6},"blocks":{}},"card_product_vendor_flex_WX7f6y":{"type":"card-product-vendor-flex","settings":{"product":"{{ closest.product }}"},"blocks":{}},"card_product_title_flex_Kkffz9":{"type":"card-product-title-flex","settings":{"product":"{{ closest.product }}"},"blocks":{}},"card_product_price_flex_YHGteD":{"type":"card-product-price-flex","settings":{"product":"{{ closest.product }}"},"blocks":{}},"card_product_variant_flex_cBFr3p":{"type":"card-product-variant-flex","settings":{"product":"{{ closest.product }}"},"blocks":{}}},"block_order":["card_product_media_flex_FTwyB9","spacer_zzxpNy","card_product_vendor_flex_WX7f6y","card_product_title_flex_Kkffz9","card_product_price_flex_YHGteD","card_product_variant_flex_cBFr3p"]}},"name":"Featured collection: Grid","settings":{"collection":"","layout_type":"grid","products_to_show":8,"columns_desktop":4,"columns_gap":8,"rows_gap":8,"full_width":false,"show_view_all":true,"view_all_style":"solid","enable_desktop_slider":false,"color_scheme":"","columns_mobile":"2","swipe_on_mobile":false,"padding_top":36,"padding_bottom":36}}},"order":["slideshow_GTfWVa","image_banner_GhYEiH","featured_collection_KKUEk3","flex_section_9CGVkw","featured_collection_DEfXFx"]}