{"sections":{"main":{"type":"main-page","settings":{"subheading":"Below FAQ are some common concerns of our customers before purchasing the products. If you have other questions, please just contact us directly at: faqs@store-domain.com","image":"shopify:\/\/shop_images\/collection-w-product-banner-1.jpg","image_overlay_opacity":40,"color_scheme":"scheme-4","padding_top":28,"padding_bottom":28}},"collapsible_content_yzEVcr":{"type":"collapsible-content","blocks":{"collapsible_row_PcWcCE":{"type":"collapsible_row","settings":{"heading":"Collapsible row","icon":"check_mark","row_content":"","page":""}},"collapsible_row_kkbKMd":{"type":"collapsible_row","settings":{"heading":"Collapsible row","icon":"check_mark","row_content":"","page":""}},"collapsible_row_9UVFMw":{"type":"collapsible_row","settings":{"heading":"Collapsible row","icon":"check_mark","row_content":"","page":""}},"collapsible_row_KgQ6xB":{"type":"collapsible_row","settings":{"heading":"Collapsible row","icon":"check_mark","row_content":"","page":""}}},"block_order":["collapsible_row_PcWcCE","collapsible_row_kkbKMd","collapsible_row_9UVFMw","collapsible_row_KgQ6xB"],"settings":{"caption":"","heading":"Collapsible content","heading_size":"h1","heading_alignment":"center","layout":"none","color_scheme":"","container_color_scheme":"","open_first_collapsible_row":false,"image_ratio":"adapt","desktop_layout":"image_second","padding_top":36,"padding_bottom":36}},"collapsible_content_QWHEdj":{"type":"collapsible-content","blocks":{"collapsible_row_G7mfc6":{"type":"collapsible_row","settings":{"heading":"Collapsible row","icon":"check_mark","row_content":"","page":""}},"collapsible_row_DXkyKW":{"type":"collapsible_row","settings":{"heading":"Collapsible row","icon":"check_mark","row_content":"","page":""}},"collapsible_row_K9HrJn":{"type":"collapsible_row","settings":{"heading":"Collapsible row","icon":"check_mark","row_content":"","page":""}},"collapsible_row_FKaK9A":{"type":"collapsible_row","settings":{"heading":"Collapsible row","icon":"check_mark","row_content":"","page":""}}},"block_order":["collapsible_row_G7mfc6","collapsible_row_DXkyKW","collapsible_row_K9HrJn","collapsible_row_FKaK9A"],"settings":{"caption":"","heading":"Collapsible content","heading_size":"h1","heading_alignment":"center","layout":"none","color_scheme":"","container_color_scheme":"","open_first_collapsible_row":false,"image_ratio":"adapt","desktop_layout":"image_second","padding_top":36,"padding_bottom":36}},"multicolumn_aaLhRV":{"type":"multicolumn","blocks":{"column_qRD6Cw":{"type":"column","settings":{"image":"shopify:\/\/shop_images\/Petcaress--Home-Page-Desktop-Insta-3.jpg","title":"Column","text":"<p>Pair text with an image to focus on your chosen product, collection, or blog post. Add details on availability, style, or even provide a review.<\/p>","link_label":"","link":""}},"column_LBWXXL":{"type":"column","settings":{"image":"shopify:\/\/shop_images\/Petcaress--Home-Page-Desktop-Insta-3.jpg","title":"Column","text":"<p>Pair text with an image to focus on your chosen product, collection, or blog post. Add details on availability, style, or even provide a review.<\/p>","link_label":"","link":""}}},"block_order":["column_qRD6Cw","column_LBWXXL"],"settings":{"title":"Multicolumn","heading_size":"h1","image_width":"full","image_ratio":"adapt","columns_desktop":2,"column_alignment":"left","button_label":"Button label","button_link":"","color_scheme":"","columns_mobile":"1","swipe_on_mobile":false,"padding_top":36,"padding_bottom":36}}},"order":["main","collapsible_content_yzEVcr","collapsible_content_QWHEdj","multicolumn_aaLhRV"]}