{"sections":{"main":{"type":"main-page","settings":{"subheading":"","image":"shopify:\/\/shop_images\/Image_banner_-_Home_10_1.jpg","image_overlay_opacity":40,"color_scheme":"scheme-4","padding_top":36,"padding_bottom":36}},"multicolumn_eKLaad":{"type":"multicolumn","blocks":{"column_TtkfpB":{"type":"column","settings":{"title":"Column","text":"<p>Pair text with an image to focus on your chosen product, collection, or blog post. Add details on availability, style, or even provide a review.<\/p>","link_label":"","link":""}},"column_YhPQJp":{"type":"column","settings":{"title":"Column","text":"<p>Pair text with an image to focus on your chosen product, collection, or blog post. Add details on availability, style, or even provide a review.<\/p>","link_label":"","link":""}},"column_UzNRa6":{"type":"column","settings":{"title":"Column","text":"<p>Pair text with an image to focus on your chosen product, collection, or blog post. Add details on availability, style, or even provide a review.<\/p>","link_label":"","link":""}}},"block_order":["column_TtkfpB","column_YhPQJp","column_UzNRa6"],"settings":{"title":"Multicolumn","heading_size":"h1","image_width":"full","image_ratio":"adapt","columns_desktop":3,"column_alignment":"left","button_label":"Button label","button_link":"","color_scheme":"","columns_mobile":"1","swipe_on_mobile":false,"padding_top":36,"padding_bottom":36}},"form":{"type":"contact-form","settings":{"heading":"","heading_size":"h1","color_scheme":"scheme-1","padding_top":36,"padding_bottom":36}},"multicolumn_VCh3Tt":{"type":"multicolumn","blocks":{"column_V6tTKb":{"type":"column","settings":{"title":"Column","text":"<p>Pair text with an image to focus on your chosen product, collection, or blog post. Add details on availability, style, or even provide a review.<\/p>","link_label":"","link":""}},"column_DecgGE":{"type":"column","settings":{"title":"Column","text":"<p>Pair text with an image to focus on your chosen product, collection, or blog post. Add details on availability, style, or even provide a review.<\/p>","link_label":"","link":""}}},"block_order":["column_V6tTKb","column_DecgGE"],"settings":{"title":"Multicolumn","heading_size":"h1","image_width":"full","image_ratio":"adapt","columns_desktop":2,"column_alignment":"left","button_label":"Button label","button_link":"","color_scheme":"","columns_mobile":"1","swipe_on_mobile":false,"padding_top":36,"padding_bottom":36}}},"order":["main","multicolumn_eKLaad","form","multicolumn_VCh3Tt"]}