{"sections":{"main":{"type":"main-page","settings":{"subheading":"","image":"shopify:\/\/shop_images\/image_42.jpg","image_overlay_opacity":40,"color_scheme":"scheme-4","padding_top":28,"padding_bottom":28}},"rich_text_zUU66g":{"type":"rich-text","blocks":{"heading_mdECHP":{"type":"heading","settings":{"heading":"Talk about your brand","heading_size":"h1"}},"text_tRAm6E":{"type":"text","settings":{"text":"<p>Share information about your brand with your customers. Describe a product, make announcements, or welcome customers to your store.<\/p>"}},"button_hAJdit":{"type":"button","settings":{"button_label":"Button label","button_link":"","button_style_secondary":false,"button_label_2":"","button_link_2":"","button_style_secondary_2":false}}},"block_order":["heading_mdECHP","text_tRAm6E","button_hAJdit"],"settings":{"full_width":true,"desktop_content_position":"center","content_alignment":"center","color_scheme":"","padding_top":40,"padding_bottom":52}},"image_banner_WgyHUr":{"type":"image-banner","blocks":{"heading_wnPEUy":{"type":"heading","settings":{"heading":"Tailoring Your Style","heading_size":"h1"}},"text_r3dTey":{"type":"text","settings":{"text":"Memoir goes beyond customization, creating unique pieces that resonate with each individual, whether for special occasions or everyday style. let's craft memories that last a lifetime with Memoir's bespoke design service.","text_style":"body"}},"buttons_AYmdmY":{"type":"buttons","settings":{"button_label_1":"Button label","button_link_1":"","button_style_secondary_1":false,"button_label_2":"Button label","button_link_2":"","button_style_secondary_2":false}}},"block_order":["heading_wnPEUy","text_r3dTey","buttons_AYmdmY"],"settings":{"image":"shopify:\/\/shop_images\/Home_08_-_Slideshow_-_2.jpg","image_overlay_opacity":40,"image_height":"large","desktop_content_position":"middle-center","show_text_box":false,"desktop_content_alignment":"center","color_scheme":"scheme-4","image_behavior":"none","mobile_content_alignment":"center","stack_images_on_mobile":true,"show_text_below":true,"padding_top":36,"padding_bottom":36}},"rich_text_Wz8aLD":{"type":"rich-text","blocks":{"heading_dtAEMV":{"type":"heading","settings":{"heading":"Talk about your brand","heading_size":"h1"}},"text_rGVcbn":{"type":"text","settings":{"text":"<p>Share information about your brand with your customers. Describe a product, make announcements, or welcome customers to your store.<\/p>"}},"button_DXknT7":{"type":"button","settings":{"button_label":"Button label","button_link":"","button_style_secondary":false,"button_label_2":"","button_link_2":"","button_style_secondary_2":false}}},"block_order":["heading_dtAEMV","text_rGVcbn","button_DXknT7"],"settings":{"full_width":true,"desktop_content_position":"center","content_alignment":"center","color_scheme":"","padding_top":40,"padding_bottom":52}},"newsletter_nEzN9C":{"type":"newsletter","blocks":{"heading_dgNKVU":{"type":"heading","settings":{"heading":"Subscribe to our emails","heading_size":"h1"}},"paragraph_GRGAFD":{"type":"paragraph","settings":{"text":"<p>Be the first to know about new collections and exclusive offers.<\/p>"}},"email_form_CqPFDi":{"type":"email_form","settings":{}}},"block_order":["heading_dgNKVU","paragraph_GRGAFD","email_form_CqPFDi"],"settings":{"full_width":true,"color_scheme":"","padding_top":40,"padding_bottom":52}},"multicolumn_g3ndhy":{"type":"multicolumn","blocks":{"column_aXcCBb":{"type":"column","settings":{"title":"Column","text":"<p>Pair text with an image to focus on your chosen product, collection, or blog post. Add details on availability, style, or even provide a review.<\/p>","link_label":"","link":""}},"column_tLEUBT":{"type":"column","settings":{"title":"Column","text":"<p>Pair text with an image to focus on your chosen product, collection, or blog post. Add details on availability, style, or even provide a review.<\/p>","link_label":"","link":""}}},"block_order":["column_aXcCBb","column_tLEUBT"],"settings":{"title":"Multicolumn","heading_size":"h1","image_width":"full","image_ratio":"adapt","columns_desktop":2,"column_alignment":"left","button_label":"Button label","button_link":"","color_scheme":"","columns_mobile":"1","swipe_on_mobile":false,"padding_top":36,"padding_bottom":36}}},"order":["main","rich_text_zUU66g","image_banner_WgyHUr","rich_text_Wz8aLD","newsletter_nEzN9C","multicolumn_g3ndhy"]}