{
  "sections": {
    "main": {
      "type": "main-product-quick-add",
      "blocks": {
        "vendor": {
          "type": "text",
          "settings": {
            "text": "{{ product.vendor }}",
            "text_style": "uppercase"
          }
        },
        "title": { "type": "title", "settings": {} },
        "price": { "type": "price", "settings": {} },
        "variant_picker": {
          "type": "variant_picker",
          "settings": {
            "picker_type": "button",
            "swatch_shape": "visualizations"
          }
        },
        "quantity_selector": { "type": "quantity_selector", "settings": {} },
        "buy_buttons": {
          "type": "buy_buttons",
          "settings": {
            "show_dynamic_checkout": true,
            "show_gift_card_recipient": true
          }
        },
        "size_chart_U4yRgG": {
          "type": "size_chart",
          "settings": {
            "size_chart_type": "page",
            "size_chart_page": "about-the-product",
            "color_size_chart_scheme": "scheme-1"
          }
        },
        "description": { "type": "description", "settings": {} },
        "icon_with_text_HbwFYC": {
          "type": "icon-with-text",
          "settings": {
            "layout": "horizontal",
            "icon_1": "heart",
            "heading_1": "Heading",
            "icon_2": "return",
            "heading_2": "Heading",
            "icon_3": "truck",
            "heading_3": "Heading"
          }
        },
        "complementary_xkFGCK": {
          "type": "complementary",
          "settings": {
            "block_heading": "Pairs well with",
            "make_collapsible_row": true,
            "icon": "price_tag",
            "product_list_limit": 10,
            "products_per_page": 3,
            "pagination_style": "counter",
            "image_ratio": "square",
            "enable_quick_add": true
          }
        }
      },
      "block_order": [
        "vendor",
        "title",
        "price",
        "variant_picker",
        "quantity_selector",
        "buy_buttons",
        "size_chart_U4yRgG",
        "icon_with_text_HbwFYC",
        "complementary_xkFGCK"
      ],
      "settings": {
        "enable_sticky_info": true,
        "color_scheme": "scheme-1",
        "media_size": "large",
        "constrain_to_viewport": true,
        "media_fit": "contain",
        "gallery_layout": "thumbnail_slider",
        "media_position": "left",
        "image_zoom": "lightbox",
        "mobile_thumbnails": "hide",
        "hide_variants": true,
        "enable_video_looping": false,
        "padding_top": 36,
        "padding_bottom": 12
      }
    }
  },
  "order": [
    "main"
  ]
}
