{"sections":{"main":{"type":"main-product-quick-add","blocks":{"variant_picker":{"type":"variant_picker","settings":{"picker_type":"button","swatch_shape":"visualizations"}},"size_chart_U4yRgG":{"type":"size_chart","settings":{"size_chart_type":"page","size_chart_page":"about","color_size_chart_scheme":"scheme-1"}},"quantity_selector":{"type":"quantity_selector","settings":{}},"buy_buttons":{"type":"buy_buttons","settings":{"show_dynamic_checkout":true,"show_gift_card_recipient":true}}},"block_order":["variant_picker","size_chart_U4yRgG","quantity_selector","buy_buttons"],"settings":{"enable_sticky_info":true,"color_scheme":"scheme-1","media_size":"large","constrain_to_viewport":true,"media_fit":"contain","gallery_layout":"thumbnail_slider","media_position":"left","image_zoom":"lightbox","mobile_thumbnails":"hide","hide_variants":true,"enable_video_looping":false,"show_vendor":true,"show_price":true,"padding_top":36,"padding_bottom":12}}},"order":["main"]}