{"sections":{"main":{"type":"main-product","blocks":{"vendor":{"type":"text","settings":{"text":"{{ product.vendor }}","text_style":"uppercase"}},"title":{"type":"title","settings":{}},"price":{"type":"price","settings":{}},"variant_picker":{"type":"variant_picker","settings":{"picker_type":"button","swatch_shape":"visualizations"}},"quantity_selector":{"type":"quantity_selector","settings":{}},"buy_buttons":{"type":"buy_buttons","settings":{"show_dynamic_checkout":true,"show_gift_card_recipient":true}},"size_chart_U4yRgG":{"type":"size_chart","settings":{"size_chart_type":"page","size_chart_page":"about-the-product","color_size_chart_scheme":"scheme-1"}},"description":{"type":"description","settings":{}},"share":{"type":"share","settings":{"share_label":"Share"}},"collapsible_tab_PMWr4X":{"type":"collapsible_tab","settings":{"heading":"Collapsible row","icon":"check_mark","content":"<p>fwefwfaewfwefwefewfwe<\/p>","page":""}},"collapsible_tab_KFxeVh":{"type":"collapsible_tab","settings":{"heading":"Collapsible row","icon":"check_mark","content":"<p>fawefwefwefweafewfweafweffawfawfwafwef<\/p>","page":""}},"popup_KUyJ9n":{"type":"popup","settings":{"text":"Pop-up link text","page":""}},"popup_NDkGnB":{"type":"popup","settings":{"text":"Pop-up link text","page":"about-the-product"}},"popup_eqLyRi":{"type":"popup","settings":{"text":"Pop-up link text","page":"about-the-product"}},"popup_cyzfQt":{"type":"popup","settings":{"text":"Pop-up link text","page":"about-the-product"}},"popup_BHxcXj":{"type":"popup","settings":{"text":"Pop-up link text","page":"about-the-product"}},"inventory_A9Danp":{"type":"inventory","settings":{"text_style":"body","inventory_threshold":10,"show_inventory_quantity":true}},"icon_with_text_HbwFYC":{"type":"icon-with-text","settings":{"layout":"horizontal","icon_1":"heart","heading_1":"Heading","icon_2":"return","heading_2":"Heading","icon_3":"truck","heading_3":"Heading"}},"complementary_xkFGCK":{"type":"complementary","settings":{"block_heading":"Pairs well with","make_collapsible_row":true,"icon":"price_tag","product_list_limit":10,"products_per_page":3,"pagination_style":"counter","image_ratio":"square","enable_quick_add":true}}},"block_order":["vendor","title","price","variant_picker","quantity_selector","buy_buttons","size_chart_U4yRgG","description","share","collapsible_tab_PMWr4X","collapsible_tab_KFxeVh","popup_KUyJ9n","popup_NDkGnB","popup_eqLyRi","popup_cyzfQt","popup_BHxcXj","inventory_A9Danp","icon_with_text_HbwFYC","complementary_xkFGCK"],"settings":{"enable_sticky_info":true,"color_scheme":"scheme-1","media_size":"large","constrain_to_viewport":true,"media_fit":"contain","gallery_layout":"thumbnail_slider","media_position":"left","image_zoom":"lightbox","mobile_thumbnails":"hide","hide_variants":true,"enable_video_looping":false,"padding_top":36,"padding_bottom":12}},"quick_order_list_miEtTg":{"type":"quick-order-list","settings":{"show_image":true,"show_sku":true,"color_scheme":"","padding_top":100,"padding_bottom":100}},"featured_collection_CfQKGV":{"type":"featured-collection","settings":{"title":"Featured collection","heading_size":"h1","description":"","show_description":false,"description_style":"body","collection":"all","products_to_show":12,"columns_desktop":4,"full_width":false,"show_view_all":true,"view_all_style":"solid","enable_desktop_slider":false,"color_scheme":"","image_ratio":"adapt","image_shape":"default","show_secondary_image":true,"show_vendor":true,"show_rating":true,"quick_add":"bulk","columns_mobile":"2","swipe_on_mobile":false,"padding_top":36,"padding_bottom":36}},"recently_viewed_products_LTenNy":{"type":"recently-viewed-products","settings":{"title":"Recently viewed","heading_size":"h2","products_to_show":4,"columns_desktop":4,"full_width":false,"enable_desktop_slider":false,"color_scheme":"","image_ratio":"portrait","image_shape":"default","show_secondary_image":true,"show_vendor":true,"show_rating":false,"quick_add":"bulk","columns_mobile":"2","swipe_on_mobile":false,"padding_top":36,"padding_bottom":36}},"related-products":{"type":"related-products","settings":{"heading":"You may also like","heading_size":"h2","products_to_show":10,"columns_desktop":4,"color_scheme":"scheme-1","image_ratio":"square","image_shape":"default","show_secondary_image":true,"show_vendor":true,"show_rating":true,"quick_add":"bulk","columns_mobile":"2","padding_top":36,"padding_bottom":28}}},"order":["main","quick_order_list_miEtTg","featured_collection_CfQKGV","recently_viewed_products_LTenNy","related-products"]}