{
  "article": [],
  "blog": [],
  "brand": [],
  "collection": [],
  "company": [],
  "company_location": [],
  "location": [],
  "market": [],
  "order": [],
  "page": [],
  "product": [
    {
      "key": "color-pattern",
      "namespace": "shopify",
      "name": "Color",
      "description": "Defines the primary color or pattern, such as blue or striped",
      "type": {
        "name": "list.metaobject_reference",
        "category": "REFERENCE"
      }
    },
    {
      "key": "sleeve-length-type",
      "namespace": "shopify",
      "name": "Sleeve length type",
      "description": "Specifies the style of sleeves on clothing items, such as short or sleeveless",
      "type": {
        "name": "list.metaobject_reference",
        "category": "REFERENCE"
      }
    },
    {
      "key": "age-group",
      "namespace": "shopify",
      "name": "Age group",
      "description": "Defines the target age range for a product, such as adults or kids",
      "type": {
        "name": "list.metaobject_reference",
        "category": "REFERENCE"
      }
    },
    {
      "key": "target-gender",
      "namespace": "shopify",
      "name": "Target gender",
      "description": "Identifies the intended gender for a product, such as female, male or unisex",
      "type": {
        "name": "list.metaobject_reference",
        "category": "REFERENCE"
      }
    },
    {
      "key": "top-length-type",
      "namespace": "shopify",
      "name": "Top length type",
      "description": "Defines the length of tops or shirts, like crop top or long",
      "type": {
        "name": "list.metaobject_reference",
        "category": "REFERENCE"
      }
    },
    {
      "key": "fabric",
      "namespace": "shopify",
      "name": "Fabric",
      "description": "Identifies the type of fabric used in a product, for example, cotton or denim",
      "type": {
        "name": "list.metaobject_reference",
        "category": "REFERENCE"
      }
    },
    {
      "key": "size",
      "namespace": "shopify",
      "name": "Size",
      "description": "Used to specify the size of a product, such as 0-3 months or Extra large (XL)",
      "type": {
        "name": "list.metaobject_reference",
        "category": "REFERENCE"
      }
    },
    {
      "key": "custom_badge",
      "namespace": "custom",
      "name": "Custom badge",
      "description": "",
      "type": {
        "name": "single_line_text_field",
        "category": "TEXT"
      }
    },
    {
      "key": "product_card_marquee",
      "namespace": "c_f",
      "name": "Product card marquee",
      "description": "",
      "type": {
        "name": "single_line_text_field",
        "category": "TEXT"
      }
    }
  ],
  "variant": [],
  "shop": []
}