{"name":"t:sections.footer.name","type":"footer","sections":{"footer":{"type":"footer","blocks":{"group_footer_row_TYGhHC":{"type":"group-footer-row","settings":{"padding_top":60,"padding_right":0,"padding_bottom":85,"padding_left":0,"direction":"row","wrap":"wrap","align_items":"stretch","justify_content":"start","gap_x":10,"gap_y":10,"color_scheme":"","border_left":false,"border_right":false,"border_top":false,"border_bottom":false},"blocks":{"group_footer_column_U44fXG":{"type":"group-footer-column","settings":{"width_grid_item":20,"width_grid_item_mb":50,"alignment":"left","alignment_mb":"left","padding_top":0,"padding_right":0,"padding_bottom":0,"padding_left":0,"border_left":false,"border_right":false,"border_top":false,"border_bottom":false},"blocks":{"banner_KDVRRG":{"type":"banner","settings":{"image":"shopify:\/\/shop_images\/ELLA-logo_8fdb75c8-edfd-4781-9750-59fc508fbfca.png","alt":"","image_link":""},"blocks":{}},"spacer_cfrL6C":{"type":"spacer","settings":{"spacer_height":20},"blocks":{}},"text_a4R7fM":{"type":"text","settings":{"text":"<p>685 Market Street,<br\/>San Francisco, CA 94105,<br\/>United States<\/p>","text_size":"m","alignment":"left"},"blocks":{}},"spacer_eC8PNi":{"type":"spacer","settings":{"spacer_height":20},"blocks":{}},"text_tcTU8G":{"type":"text","settings":{"text":"<p>Call us: (090) 123-ELLA<br\/>Email: email@domain.com<\/p>","text_size":"m","alignment":"left"},"blocks":{}}},"block_order":["banner_KDVRRG","spacer_cfrL6C","text_a4R7fM","spacer_eC8PNi","text_tcTU8G"]},"group_footer_column_dPNyeM":{"type":"group-footer-column","settings":{"width_grid_item":20,"width_grid_item_mb":50,"alignment":"left","alignment_mb":"left","padding_top":0,"padding_right":0,"padding_bottom":0,"padding_left":0,"border_left":false,"border_right":false,"border_top":false,"border_bottom":false},"blocks":{"footer_link_list_m9KhNP":{"type":"footer-link-list","settings":{"heading":"Shop","menu":"landing-page-1"},"blocks":{}}},"block_order":["footer_link_list_m9KhNP"]},"group_footer_column_dNpa3i":{"type":"group-footer-column","settings":{"width_grid_item":20,"width_grid_item_mb":50,"alignment":"left","alignment_mb":"left","padding_top":0,"padding_right":0,"padding_bottom":0,"padding_left":0,"border_left":false,"border_right":false,"border_top":false,"border_bottom":false},"blocks":{"footer_link_list_JP646d":{"type":"footer-link-list","settings":{"heading":"Shop","menu":"landing-page-1"},"blocks":{}}},"block_order":["footer_link_list_JP646d"]},"group_footer_column_BHXhUR":{"type":"group-footer-column","settings":{"width_grid_item":20,"width_grid_item_mb":50,"alignment":"left","alignment_mb":"left","padding_top":0,"padding_right":0,"padding_bottom":0,"padding_left":0,"border_left":false,"border_right":false,"border_top":false,"border_bottom":false},"blocks":{"footer_link_list_j6BRzi":{"type":"footer-link-list","settings":{"heading":"Shop","menu":"landing-page-1"},"blocks":{}}},"block_order":["footer_link_list_j6BRzi"]},"group_footer_column_paE3gT":{"type":"group-footer-column","settings":{"width_grid_item":20,"width_grid_item_mb":50,"alignment":"left","alignment_mb":"left","padding_top":0,"padding_right":0,"padding_bottom":0,"padding_left":0,"border_left":false,"border_right":false,"border_top":false,"border_bottom":false},"blocks":{"heading_column_Pc6KCn":{"type":"heading-column","settings":{"heading":"FOLLOW US"},"blocks":{}},"social_icons_QNpjjL":{"type":"social-icons","settings":{"gap_x":10,"gap_y":10},"blocks":{}},"spacer_mzVNHD":{"type":"spacer","settings":{"spacer_height":20},"blocks":{}},"heading_column_r7geBQ":{"type":"heading-column","settings":{"heading":"NEWSLETTER SIGN UP"},"blocks":{}},"text_xP97W6":{"type":"text","settings":{"text":"<p>Receive our latest updates about our products & promotions.<\/p>","text_size":"m","alignment":"left"},"blocks":{}},"spacer_4rErBe":{"type":"spacer","settings":{"spacer_height":20},"blocks":{}},"email_signup_RdNcdt":{"type":"email-signup","settings":{"full_width":false,"field_style":"2","agree_condition":false,"content":"I agree with the terms and conditions"},"blocks":{}}},"block_order":["heading_column_Pc6KCn","social_icons_QNpjjL","spacer_mzVNHD","heading_column_r7geBQ","text_xP97W6","spacer_4rErBe","email_signup_RdNcdt"]}},"block_order":["group_footer_column_U44fXG","group_footer_column_dPNyeM","group_footer_column_dNpa3i","group_footer_column_BHXhUR","group_footer_column_paE3gT"]},"group_footer_row_jxkLBz":{"type":"group-footer-row","settings":{"padding_top":40,"padding_right":0,"padding_bottom":75,"padding_left":0,"direction":"row","wrap":"wrap","align_items":"stretch","justify_content":"between","gap_x":10,"gap_y":10,"color_scheme":"scheme-1","border_left":false,"border_right":false,"border_top":true,"border_bottom":false},"blocks":{"group_footer_column_hjwahn":{"type":"group-footer-column","settings":{"width_grid_item":33,"width_grid_item_mb":50,"alignment":"left","alignment_mb":"left","padding_top":0,"padding_right":0,"padding_bottom":0,"padding_left":0,"border_left":false,"border_right":false,"border_top":false,"border_bottom":false},"blocks":{"text_xQF3CK":{"type":"text","settings":{"text":"<p>© 2019 BelleDoll Demo. Powered by Shopify.<\/p>","text_size":"s","alignment":"left"},"blocks":{}}},"block_order":["text_xQF3CK"]},"group_footer_column_VURppX":{"type":"group-footer-column","settings":{"width_grid_item":33,"width_grid_item_mb":50,"alignment":"right","alignment_mb":"left","padding_top":0,"padding_right":0,"padding_bottom":0,"padding_left":0,"border_left":false,"border_right":false,"border_top":false,"border_bottom":false},"blocks":{"payment_icons_KxccDT":{"type":"payment-icons","settings":{},"blocks":{}}},"block_order":["payment_icons_KxccDT"]},"group_footer_column_ABmRj6":{"type":"group-footer-column","settings":{"width_grid_item":25,"width_grid_item_mb":50,"alignment":"left","alignment_mb":"left","padding_top":0,"padding_right":0,"padding_bottom":0,"padding_left":0,"border_left":false,"border_right":false,"border_top":false,"border_bottom":false},"blocks":{"country_selector_V4tQ9p":{"type":"country-selector","settings":{"enable_country_selector":true,"enable_language_selector":true},"blocks":{}}},"block_order":["country_selector_V4tQ9p"]}},"block_order":["group_footer_column_hjwahn","group_footer_column_VURppX","group_footer_column_ABmRj6"]}},"block_order":["group_footer_row_TYGhHC","group_footer_row_jxkLBz"],"settings":{"color_scheme":"scheme-1"}},"footer_bottom":{"type":"footer-bottom","disabled":true,"settings":{"color_scheme":"scheme-1","show_top_line_separator":true,"enable_country_selector":true,"enable_language_selector":true,"payment_enable":true,"show_social":true,"show_copyright":true,"show_policy":true,"padding_top":30,"padding_bottom":36}}},"order":["footer","footer_bottom"]}