{"name":"General group","type":"aside","sections":{"color_swatches_wJV8Fg":{"type":"color-swatches","blocks":{"color_swatch_item_XyXCQ8":{"type":"color_swatch_item","settings":{"color_swatch_name":"purple","color_swatch_color_1":"rgba(0,0,0,0)","color_swatch_color_2":"#1199bb"}},"color_swatch_item_xMJNny":{"type":"color_swatch_item","settings":{"color_swatch_name":"beige","color_swatch_color_1":"#c8ae7e","color_swatch_color_2":"#fafdf3"}}},"block_order":["color_swatch_item_XyXCQ8","color_swatch_item_xMJNny"],"name":"Color Swatches","settings":{}}},"order":["color_swatches_wJV8Fg"]}