{"name":"t:sections.popup.name","type":"custom.popup","sections":{"multitasking_bar_AY9KgF":{"type":"multitasking-bar","blocks":{"social_media_YmGH97":{"type":"social_media","settings":{}},"back_to_top_6FgJD4":{"type":"back_to_top","settings":{}},"recently_viewed_products_U4UR67":{"type":"recently_viewed_products","settings":{"products_to_show":4,"show_vendor":false,"show_rating":false}}},"block_order":["social_media_YmGH97","back_to_top_6FgJD4","recently_viewed_products_U4UR67"],"settings":{"background":"#ffffff","icon":"#000000","secondary_background":"#1199bb","secondary_icon":"#ffffff"}},"cart_drawer_PFLQy3":{"type":"cart-drawer","settings":{"cart_drawer_collection":"accessories","color_scheme":"scheme-1"}},"promotion_popup_epACJx":{"type":"promotion-popup","blocks":{"heading_8Nt4Ni":{"type":"heading","settings":{"heading":"Signup for our newsletter","heading_size":"h1"}},"paragraph_cmkedk":{"type":"paragraph","settings":{"text":"<p>Describe what your customers will receive when subscribing to your newsletter.<\/p>"}},"email_form_6At3r7":{"type":"email_form","settings":{}},"button_dMkMat":{"type":"button","settings":{"button_label":"Button label","button_link":"","button_style_secondary":false}},"social_media_xxBpmA":{"type":"social_media","settings":{}}},"block_order":["heading_8Nt4Ni","paragraph_cmkedk","email_form_6At3r7","button_dMkMat","social_media_xxBpmA"],"settings":{"color_scheme":"scheme-1","popup_delay":10,"popup_expire":1,"image":"shopify:\/\/shop_images\/Petcaress--Home-Page-Desktop-Insta-3.jpg"}}},"order":["multitasking_bar_AY9KgF","cart_drawer_PFLQy3","promotion_popup_epACJx"]}